fname,station,year,doy,split,radar_label,radar_row,radar_col
Tensor_Changsha_A2022157.1848.npz,CS,2022,157,train_grp,0.0,64,64
Tensor_Changsha_A2022158.1830.npz,CS,2022,158,val_grp,0.0,64,64
Tensor_Changsha_A2022179.1836.npz,CS,2022,179,val_grp,0.0,64,64
Tensor_Changsha_A2022186.1806.npz,CS,2022,186,train_grp,0.0,64,64
Tensor_Changsha_A2022187.1748.npz,CS,2022,187,train_grp,0.0,64,64
Tensor_Changsha_A2022243.1836.npz,CS,2022,243,val_grp,0.0,64,64
Tensor_Changsha_A2022245.1800.npz,CS,2022,245,train_grp,0.0,64,64
Tensor_Changsha_A2022265.1824.npz,CS,2022,265,train_grp,1.0,64,64
Tensor_Changsha_A2022267.1748.npz,CS,2022,267,train_grp,0.0,64,64
Tensor_Changsha_A2022268.1730.npz,CS,2022,268,train_grp,0.0,64,64
Tensor_Changsha_A2022269.1848.npz,CS,2022,269,train_grp,0.0,64,64
Tensor_Changsha_A2022270.1830.npz,CS,2022,270,val_grp,0.0,64,64
Tensor_Changsha_A2022271.1812.npz,CS,2022,271,train_grp,0.0,64,64
Tensor_Changsha_A2022272.1754.npz,CS,2022,272,train_grp,0.0,64,64
Tensor_Changsha_A2022273.1736.npz,CS,2022,273,train_grp,0.0,64,64
Tensor_Changsha_A2023205.1806.npz,CS,2023,205,train_grp,0.0,64,64
Tensor_Changsha_A2023212.1736.npz,CS,2023,212,train_grp,0.0,64,64
Tensor_Changsha_A2023240.1848.npz,CS,2023,240,train_grp,1.0,64,64
Tensor_Changsha_A2023241.1830.npz,CS,2023,241,train_grp,0.0,64,64
Tensor_Changsha_A2023242.1812.npz,CS,2023,242,train_grp,1.0,64,64
Tensor_Changsha_A2023243.1754.npz,CS,2023,243,train_grp,0.0,64,64
Tensor_Changsha_A2023245.1854.npz,CS,2023,245,train_grp,1.0,64,64
Tensor_Changsha_A2023246.1836.npz,CS,2023,246,val_grp,1.0,64,64
Tensor_Changsha_A2023247.1818.npz,CS,2023,247,train_grp,0.0,64,64
Tensor_Changsha_A2023249.1742.npz,CS,2023,249,train_grp,1.0,64,64
Tensor_Changsha_A2023250.1724.npz,CS,2023,250,train_grp,1.0,64,64
Tensor_Changsha_A2023250.1900.npz,CS,2023,250,train_grp,1.0,64,64
Tensor_Changsha_A2023251.1842.npz,CS,2023,251,val_grp,1.0,64,64
Tensor_Changsha_A2023252.1824.npz,CS,2023,252,train_grp,0.0,64,64
Tensor_Changsha_A2023253.1806.npz,CS,2023,253,train_grp,0.0,64,64
Tensor_Changsha_A2023254.1748.npz,CS,2023,254,train_grp,1.0,64,64
Tensor_Changsha_A2023255.1730.npz,CS,2023,255,train_grp,1.0,64,64
Tensor_Changsha_A2023256.1848.npz,CS,2023,256,train_grp,1.0,64,64
Tensor_Changsha_A2023258.1812.npz,CS,2023,258,train_grp,0.0,64,64
Tensor_Changsha_A2023260.1736.npz,CS,2023,260,train_grp,1.0,64,64
Tensor_Changsha_A2023261.1854.npz,CS,2023,261,val_grp,0.0,64,64
Tensor_Changsha_A2023263.1818.npz,CS,2023,263,train_grp,1.0,64,64
Tensor_Changsha_A2023264.1800.npz,CS,2023,264,train_grp,1.0,64,64
Tensor_Changsha_A2023265.1742.npz,CS,2023,265,val_grp,1.0,64,64
Tensor_Changsha_A2023267.1842.npz,CS,2023,267,train_grp,0.0,64,64
Tensor_Changsha_A2023269.1806.npz,CS,2023,269,train_grp,1.0,64,64
Tensor_Changsha_A2023270.1748.npz,CS,2023,270,train_grp,1.0,64,64
Tensor_Changsha_A2023272.1848.npz,CS,2023,272,train_grp,0.0,64,64
Tensor_Changsha_A2023273.1830.npz,CS,2023,273,val_grp,1.0,64,64
Tensor_Changsha_A2023277.1712.npz,CS,2023,277,train_grp,1.0,64,64
Tensor_Changsha_A2023277.1854.npz,CS,2023,277,train_grp,0.0,64,64
Tensor_Changsha_A2023280.1800.npz,CS,2023,280,train_grp,1.0,64,64
Tensor_Changsha_A2023281.1742.npz,CS,2023,281,train_grp,1.0,64,64
Tensor_Changsha_A2023283.1842.npz,CS,2023,283,train_grp,1.0,64,64
Tensor_Changsha_A2023284.1824.npz,CS,2023,284,val_grp,0.0,64,64
Tensor_Changsha_A2023288.1848.npz,CS,2023,288,train_grp,0.0,64,64
Tensor_Changsha_A2023290.1812.npz,CS,2023,290,train_grp,0.0,64,64
Tensor_Changsha_A2023294.1836.npz,CS,2023,294,val_grp,0.0,64,64
Tensor_Changsha_A2023295.1818.npz,CS,2023,295,train_grp,0.0,64,64
Tensor_Changsha_A2023317.1806.npz,CS,2023,317,train_grp,0.0,64,64
Tensor_Changsha_A2023318.1748.npz,CS,2023,318,train_grp,0.0,64,64
Tensor_Changsha_A2023319.1730.npz,CS,2023,319,val_grp,1.0,64,64
Tensor_Changsha_A2023320.1848.npz,CS,2023,320,train_grp,0.0,64,64
Tensor_Changsha_A2023321.1830.npz,CS,2023,321,train_grp,0.0,64,64
Tensor_Changsha_A2023322.1812.npz,CS,2023,322,val_grp,1.0,64,64
Tensor_Changsha_A2023325.1712.npz,CS,2023,325,train_grp,0.0,64,64
Tensor_Changsha_A2023325.1854.npz,CS,2023,325,train_grp,0.0,64,64
Tensor_Changsha_A2023326.1836.npz,CS,2023,326,train_grp,0.0,64,64
Tensor_Changsha_A2023327.1818.npz,CS,2023,327,train_grp,0.0,64,64
Tensor_Changsha_A2023328.1800.npz,CS,2023,328,train_grp,0.0,64,64
Tensor_Changsha_A2023329.1742.npz,CS,2023,329,train_grp,0.0,64,64
Tensor_Changsha_A2023330.1900.npz,CS,2023,330,train_grp,0.0,64,64
Tensor_Changsha_A2023331.1842.npz,CS,2023,331,train_grp,0.0,64,64
Tensor_Changsha_A2023332.1824.npz,CS,2023,332,train_grp,0.0,64,64
Tensor_Changsha_A2023333.1806.npz,CS,2023,333,val_grp,0.0,64,64
Tensor_Changsha_A2023334.1748.npz,CS,2023,334,train_grp,1.0,64,64
Tensor_Changsha_A2025067.1748.npz,CS,2025,67,train_grp,1.0,64,64
Tensor_Changsha_A2025069.1848.npz,CS,2025,69,val_grp,1.0,64,64
Tensor_Changsha_A2025070.1830.npz,CS,2025,70,train_grp,1.0,64,64
Tensor_Changsha_A2025071.1812.npz,CS,2025,71,train_grp,1.0,64,64
Tensor_Changsha_A2025072.1754.npz,CS,2025,72,train_grp,1.0,64,64
Tensor_Changsha_A2025073.1736.npz,CS,2025,73,train_grp,1.0,64,64
Tensor_Changsha_A2025074.1712.npz,CS,2025,74,train_grp,0.0,64,64
Tensor_Changsha_A2025074.1854.npz,CS,2025,74,train_grp,1.0,64,64
Tensor_Changsha_A2025075.1836.npz,CS,2025,75,train_grp,1.0,64,64
Tensor_Changsha_A2025076.1818.npz,CS,2025,76,train_grp,1.0,64,64
Tensor_Changsha_A2025077.1800.npz,CS,2025,77,train_grp,1.0,64,64
Tensor_Changsha_A2025078.1742.npz,CS,2025,78,train_grp,1.0,64,64
Tensor_Changsha_A2025079.1718.npz,CS,2025,79,train_grp,0.0,64,64
Tensor_Changsha_A2025079.1900.npz,CS,2025,79,train_grp,0.0,64,64
Tensor_Changsha_A2025080.1842.npz,CS,2025,80,train_grp,0.0,64,64
Tensor_Changsha_A2025082.1806.npz,CS,2025,82,train_grp,0.0,64,64
Tensor_Changsha_A2025083.1748.npz,CS,2025,83,train_grp,0.0,64,64
Tensor_Changsha_A2025084.1724.npz,CS,2025,84,val_grp,1.0,64,64
Tensor_Changsha_A2025085.1848.npz,CS,2025,85,train_grp,1.0,64,64
Tensor_Changsha_A2025086.1830.npz,CS,2025,86,train_grp,0.0,64,64
Tensor_Changsha_A2025087.1812.npz,CS,2025,87,train_grp,1.0,64,64
Tensor_Changsha_A2025088.1754.npz,CS,2025,88,train_grp,1.0,64,64
Tensor_Changsha_A2025090.1712.npz,CS,2025,90,train_grp,1.0,64,64
Tensor_Changsha_A2025090.1854.npz,CS,2025,90,train_grp,1.0,64,64
Tensor_Changsha_A2025091.1836.npz,CS,2025,91,train_grp,0.0,64,64
Tensor_Changsha_A2025093.1800.npz,CS,2025,93,train_grp,0.0,64,64
Tensor_Changsha_A2025094.1742.npz,CS,2025,94,train_grp,1.0,64,64
Tensor_Changsha_A2025095.1718.npz,CS,2025,95,train_grp,1.0,64,64
Tensor_Changsha_A2025095.1900.npz,CS,2025,95,train_grp,0.0,64,64
Tensor_Changsha_A2025096.1842.npz,CS,2025,96,train_grp,1.0,64,64
Tensor_Changsha_A2025097.1824.npz,CS,2025,97,val_grp,1.0,64,64
Tensor_Changsha_A2025098.1806.npz,CS,2025,98,train_grp,1.0,64,64
Tensor_Changsha_A2025099.1748.npz,CS,2025,99,train_grp,1.0,64,64
Tensor_Changsha_A2025100.1730.npz,CS,2025,100,train_grp,1.0,64,64
Tensor_Changsha_A2025101.1848.npz,CS,2025,101,val_grp,1.0,64,64
Tensor_Changsha_A2025102.1830.npz,CS,2025,102,train_grp,1.0,64,64
Tensor_Changsha_A2025103.1812.npz,CS,2025,103,train_grp,0.0,64,64
Tensor_Changsha_A2025104.1754.npz,CS,2025,104,train_grp,0.0,64,64
Tensor_Changsha_A2025105.1736.npz,CS,2025,105,train_grp,1.0,64,64
Tensor_Changsha_A2025106.1712.npz,CS,2025,106,train_grp,1.0,64,64
Tensor_Changsha_A2025107.1836.npz,CS,2025,107,train_grp,1.0,64,64
Tensor_Changsha_A2025108.1818.npz,CS,2025,108,train_grp,1.0,64,64
Tensor_Changsha_A2025109.1800.npz,CS,2025,109,train_grp,1.0,64,64
Tensor_Changsha_A2025110.1742.npz,CS,2025,110,train_grp,1.0,64,64
Tensor_Changsha_A2025111.1724.npz,CS,2025,111,train_grp,1.0,64,64
Tensor_Changsha_A2025111.1900.npz,CS,2025,111,train_grp,1.0,64,64
Tensor_Changsha_A2025112.1842.npz,CS,2025,112,train_grp,1.0,64,64
Tensor_Changsha_A2025113.1824.npz,CS,2025,113,train_grp,1.0,64,64
Tensor_Changsha_A2025114.1806.npz,CS,2025,114,train_grp,1.0,64,64
Tensor_Changsha_A2025115.1748.npz,CS,2025,115,train_grp,1.0,64,64
Tensor_Changsha_A2025116.1730.npz,CS,2025,116,train_grp,1.0,64,64
Tensor_Changsha_A2025117.1848.npz,CS,2025,117,val_grp,1.0,64,64
Tensor_Changsha_A2025118.1830.npz,CS,2025,118,val_grp,0.0,64,64
Tensor_Changsha_A2025119.1812.npz,CS,2025,119,train_grp,1.0,64,64
Tensor_Changsha_A2025120.1754.npz,CS,2025,120,val_grp,1.0,64,64
Tensor_Changsha_A2025121.1736.npz,CS,2025,121,train_grp,1.0,64,64
Tensor_Changsha_A2025122.1718.npz,CS,2025,122,val_grp,1.0,64,64
Tensor_Changsha_A2025122.1854.npz,CS,2025,122,val_grp,1.0,64,64
Tensor_Changsha_A2025123.1836.npz,CS,2025,123,train_grp,1.0,64,64
Tensor_Changsha_A2025124.1818.npz,CS,2025,124,train_grp,1.0,64,64
Tensor_Changsha_A2025125.1800.npz,CS,2025,125,train_grp,1.0,64,64
Tensor_Changsha_A2025126.1742.npz,CS,2025,126,train_grp,1.0,64,64
Tensor_Changsha_A2025127.1724.npz,CS,2025,127,val_grp,1.0,64,64
Tensor_Changsha_A2025127.1900.npz,CS,2025,127,val_grp,0.0,64,64
Tensor_Changsha_A2025129.1824.npz,CS,2025,129,train_grp,0.0,64,64
Tensor_Changsha_A2025130.1806.npz,CS,2025,130,val_grp,1.0,64,64
Tensor_Changsha_A2025131.1748.npz,CS,2025,131,train_grp,0.0,64,64
Tensor_Changsha_A2025132.1730.npz,CS,2025,132,train_grp,1.0,64,64
Tensor_Changsha_A2025133.1848.npz,CS,2025,133,train_grp,1.0,64,64
Tensor_Changsha_A2025134.1830.npz,CS,2025,134,val_grp,1.0,64,64
Tensor_Changsha_A2025135.1812.npz,CS,2025,135,train_grp,1.0,64,64
Tensor_Changsha_A2025136.1754.npz,CS,2025,136,train_grp,0.0,64,64
Tensor_Changsha_A2025156.1818.npz,CS,2025,156,train_grp,0.0,64,64
Tensor_Changsha_A2025157.1800.npz,CS,2025,157,train_grp,1.0,64,64
Tensor_Changsha_A2025158.1742.npz,CS,2025,158,train_grp,1.0,64,64
Tensor_Changsha_A2025159.1724.npz,CS,2025,159,train_grp,0.0,64,64
Tensor_Changsha_A2025159.1900.npz,CS,2025,159,train_grp,1.0,64,64
Tensor_Changsha_A2025160.1842.npz,CS,2025,160,train_grp,0.0,64,64
Tensor_Changsha_A2025161.1824.npz,CS,2025,161,train_grp,1.0,64,64
Tensor_Changsha_A2025162.1806.npz,CS,2025,162,train_grp,1.0,64,64
Tensor_Changsha_A2025163.1748.npz,CS,2025,163,train_grp,1.0,64,64
Tensor_Changsha_A2025164.1730.npz,CS,2025,164,val_grp,0.0,64,64
Tensor_Changsha_A2025165.1848.npz,CS,2025,165,train_grp,0.0,64,64
Tensor_Changsha_A2025166.1830.npz,CS,2025,166,train_grp,0.0,64,64
Tensor_Changsha_A2025167.1812.npz,CS,2025,167,train_grp,0.0,64,64
Tensor_Changsha_A2025168.1754.npz,CS,2025,168,train_grp,0.0,64,64
Tensor_Changsha_A2025169.1736.npz,CS,2025,169,train_grp,1.0,64,64
Tensor_Changsha_A2025170.1718.npz,CS,2025,170,train_grp,0.0,64,64
Tensor_Changsha_A2025170.1854.npz,CS,2025,170,train_grp,0.0,64,64
Tensor_Changsha_A2022024.1842.npz,CS,2022,24,test,0.0,64,64
Tensor_Changsha_A2022025.1824.npz,CS,2022,25,test,0.0,64,64
Tensor_Changsha_A2022054.1742.npz,CS,2022,54,test,0.0,64,64
Tensor_Changsha_A2024001.1748.npz,CS,2024,1,test,0.0,64,64
Tensor_Changsha_A2024003.1848.npz,CS,2024,3,test,0.0,64,64
Tensor_Changsha_A2024004.1830.npz,CS,2024,4,test,0.0,64,64
Tensor_Changsha_A2024005.1812.npz,CS,2024,5,test,0.0,64,64
Tensor_Changsha_A2025038.1830.npz,CS,2025,38,test,1.0,64,64
Tensor_Changsha_A2025039.1812.npz,CS,2025,39,test,1.0,64,64
Tensor_Changsha_A2025040.1754.npz,CS,2025,40,test,0.0,64,64
Tensor_Changsha_A2025041.1736.npz,CS,2025,41,test,0.0,64,64
Tensor_Changsha_A2025043.1836.npz,CS,2025,43,test,1.0,64,64
Tensor_Changsha_A2025044.1818.npz,CS,2025,44,test,1.0,64,64
Tensor_Changsha_A2025045.1800.npz,CS,2025,45,test,1.0,64,64
Tensor_Changsha_A2025046.1742.npz,CS,2025,46,test,0.0,64,64
Tensor_Changsha_A2025047.1900.npz,CS,2025,47,test,0.0,64,64
Tensor_Changsha_A2025048.1842.npz,CS,2025,48,test,1.0,64,64
Tensor_Changsha_A2025049.1824.npz,CS,2025,49,test,1.0,64,64
Tensor_Changsha_A2025050.1806.npz,CS,2025,50,test,1.0,64,64
Tensor_Changsha_A2025051.1748.npz,CS,2025,51,test,1.0,64,64
Tensor_Changsha_A2025052.1730.npz,CS,2025,52,test,1.0,64,64
Tensor_Changsha_A2025053.1848.npz,CS,2025,53,test,1.0,64,64
Tensor_Changsha_A2025054.1830.npz,CS,2025,54,test,0.0,64,64
Tensor_Changsha_A2025055.1812.npz,CS,2025,55,test,1.0,64,64
Tensor_Changsha_A2025056.1754.npz,CS,2025,56,test,0.0,64,64
Tensor_Changsha_A2025057.1736.npz,CS,2025,57,test,1.0,64,64
Tensor_Changsha_A2025058.1712.npz,CS,2025,58,test,0.0,64,64
Tensor_Changsha_A2025058.1854.npz,CS,2025,58,test,0.0,64,64
Tensor_Changsha_A2025059.1836.npz,CS,2025,59,test,0.0,64,64
Tensor_Longmen_A2020087.1730.npz,LM,2020,87,test,0.0,64,64
Tensor_Longmen_A2020088.1706.npz,LM,2020,88,test,0.0,64,64
Tensor_Longmen_A2020088.1848.npz,LM,2020,88,test,0.0,64,64
Tensor_Longmen_A2020089.1830.npz,LM,2020,89,test,1.0,64,64
Tensor_Longmen_A2020090.1812.npz,LM,2020,90,test,1.0,64,64
Tensor_Longmen_A2020091.1754.npz,LM,2020,91,test,1.0,64,64
Tensor_Longmen_A2020092.1736.npz,LM,2020,92,test,0.0,64,64
Tensor_Longmen_A2020100.1824.npz,LM,2020,100,test,0.0,64,64
Tensor_Longmen_A2020101.1806.npz,LM,2020,101,test,0.0,64,64
Tensor_Longmen_A2020102.1748.npz,LM,2020,102,test,0.0,64,64
Tensor_Longmen_A2020103.1730.npz,LM,2020,103,test,0.0,64,64
Tensor_Longmen_A2020104.1706.npz,LM,2020,104,test,1.0,64,64
Tensor_Longmen_A2020104.1848.npz,LM,2020,104,test,0.0,64,64
Tensor_Longmen_A2020105.1830.npz,LM,2020,105,test,0.0,64,64
Tensor_Longmen_A2020106.1812.npz,LM,2020,106,test,0.0,64,64
Tensor_Longmen_A2020107.1754.npz,LM,2020,107,test,0.0,64,64
Tensor_Longmen_A2020108.1736.npz,LM,2020,108,test,0.0,64,64
Tensor_Longmen_A2020109.1712.npz,LM,2020,109,test,0.0,64,64
Tensor_Longmen_A2020111.1818.npz,LM,2020,111,test,0.0,64,64
Tensor_Longmen_A2020112.1800.npz,LM,2020,112,test,1.0,64,64
Tensor_Longmen_A2020113.1742.npz,LM,2020,113,test,0.0,64,64
Tensor_Longmen_A2020115.1842.npz,LM,2020,115,test,1.0,64,64
Tensor_Longmen_A2020116.1824.npz,LM,2020,116,test,1.0,64,64
Tensor_Longmen_A2020117.1806.npz,LM,2020,117,test,1.0,64,64
Tensor_Longmen_A2020118.1748.npz,LM,2020,118,test,1.0,64,64
Tensor_Longmen_A2020119.1730.npz,LM,2020,119,test,1.0,64,64
Tensor_Longmen_A2020121.1830.npz,LM,2020,121,test,1.0,64,64
Tensor_Longmen_A2020122.1812.npz,LM,2020,122,test,1.0,64,64
Tensor_Longmen_A2020123.1754.npz,LM,2020,123,test,0.0,64,64
Tensor_Longmen_A2020124.1736.npz,LM,2020,124,test,0.0,64,64
Tensor_Longmen_A2020125.1712.npz,LM,2020,125,test,0.0,64,64
Tensor_Longmen_A2020126.1836.npz,LM,2020,126,test,0.0,64,64
Tensor_Longmen_A2020127.1818.npz,LM,2020,127,test,0.0,64,64
Tensor_Longmen_A2020128.1800.npz,LM,2020,128,test,0.0,64,64
Tensor_Longmen_A2020129.1742.npz,LM,2020,129,test,0.0,64,64
Tensor_Longmen_A2020131.1842.npz,LM,2020,131,test,1.0,64,64
Tensor_Longmen_A2020132.1824.npz,LM,2020,132,test,1.0,64,64
Tensor_Longmen_A2020133.1806.npz,LM,2020,133,test,0.0,64,64
Tensor_Longmen_A2020134.1748.npz,LM,2020,134,test,0.0,64,64
Tensor_Longmen_A2020135.1730.npz,LM,2020,135,test,0.0,64,64
Tensor_Longmen_A2020136.1706.npz,LM,2020,136,test,0.0,64,64
Tensor_Longmen_A2020136.1848.npz,LM,2020,136,test,0.0,64,64
Tensor_Longmen_A2020137.1830.npz,LM,2020,137,test,0.0,64,64
Tensor_Longmen_A2020138.1812.npz,LM,2020,138,test,1.0,64,64
Tensor_Longmen_A2020139.1754.npz,LM,2020,139,test,0.0,64,64
Tensor_Longmen_A2020140.1736.npz,LM,2020,140,test,1.0,64,64
Tensor_Longmen_A2020141.1712.npz,LM,2020,141,test,1.0,64,64
Tensor_Longmen_A2020142.1836.npz,LM,2020,142,test,1.0,64,64
Tensor_Longmen_A2020143.1818.npz,LM,2020,143,test,1.0,64,64
Tensor_Longmen_A2020144.1800.npz,LM,2020,144,test,0.0,64,64
Tensor_Longmen_A2020145.1742.npz,LM,2020,145,test,0.0,64,64
Tensor_Longmen_A2020147.1842.npz,LM,2020,147,test,1.0,64,64
Tensor_Longmen_A2020150.1748.npz,LM,2020,150,test,0.0,64,64
Tensor_Longmen_A2020151.1730.npz,LM,2020,151,test,0.0,64,64
Tensor_Longmen_A2020152.1706.npz,LM,2020,152,test,1.0,64,64
Tensor_Longmen_A2020152.1848.npz,LM,2020,152,test,0.0,64,64
Tensor_Longmen_A2020158.1836.npz,LM,2020,158,test,0.0,64,64
Tensor_Longmen_A2020159.1818.npz,LM,2020,159,test,1.0,64,64
Tensor_Longmen_A2020160.1800.npz,LM,2020,160,test,1.0,64,64
Tensor_Longmen_A2020165.1806.npz,LM,2020,165,test,0.0,64,64
Tensor_Longmen_A2020166.1748.npz,LM,2020,166,test,0.0,64,64
Tensor_Longmen_A2020167.1730.npz,LM,2020,167,test,0.0,64,64
Tensor_Longmen_A2020168.1848.npz,LM,2020,168,test,0.0,64,64
Tensor_Longmen_A2020169.1830.npz,LM,2020,169,test,0.0,64,64
Tensor_Longmen_A2020170.1812.npz,LM,2020,170,test,0.0,64,64
Tensor_Longmen_A2020171.1754.npz,LM,2020,171,test,0.0,64,64
Tensor_Longmen_A2020172.1736.npz,LM,2020,172,test,0.0,64,64
Tensor_Longmen_A2020176.1800.npz,LM,2020,176,test,1.0,64,64
Tensor_Longmen_A2020177.1742.npz,LM,2020,177,test,1.0,64,64
Tensor_Longmen_A2020179.1842.npz,LM,2020,179,test,0.0,64,64
Tensor_Longmen_A2020180.1824.npz,LM,2020,180,test,0.0,64,64
Tensor_Longmen_A2020181.1806.npz,LM,2020,181,test,0.0,64,64
Tensor_Longmen_A2020182.1748.npz,LM,2020,182,test,0.0,64,64
Tensor_Longmen_A2020183.1730.npz,LM,2020,183,test,0.0,64,64
Tensor_Longmen_A2020184.1706.npz,LM,2020,184,test,1.0,64,64
Tensor_Longmen_A2020184.1848.npz,LM,2020,184,test,0.0,64,64
Tensor_Longmen_A2020185.1830.npz,LM,2020,185,test,1.0,64,64
Tensor_Longmen_A2020187.1754.npz,LM,2020,187,test,0.0,64,64
Tensor_Longmen_A2020188.1736.npz,LM,2020,188,test,0.0,64,64
Tensor_Longmen_A2020189.1712.npz,LM,2020,189,test,1.0,64,64
Tensor_Longmen_A2020190.1836.npz,LM,2020,190,test,1.0,64,64
Tensor_Longmen_A2020192.1800.npz,LM,2020,192,test,0.0,64,64
Tensor_Longmen_A2020193.1742.npz,LM,2020,193,test,0.0,64,64
Tensor_Longmen_A2020195.1842.npz,LM,2020,195,test,0.0,64,64
Tensor_Longmen_A2020196.1824.npz,LM,2020,196,test,1.0,64,64
Tensor_Longmen_A2020197.1806.npz,LM,2020,197,test,0.0,64,64
Tensor_Longmen_A2020198.1748.npz,LM,2020,198,test,0.0,64,64
Tensor_Longmen_A2020199.1730.npz,LM,2020,199,test,0.0,64,64
Tensor_Longmen_A2020200.1706.npz,LM,2020,200,test,0.0,64,64
Tensor_Longmen_A2020200.1848.npz,LM,2020,200,test,0.0,64,64
Tensor_Longmen_A2020201.1830.npz,LM,2020,201,test,0.0,64,64
Tensor_Longmen_A2020202.1812.npz,LM,2020,202,test,0.0,64,64
Tensor_Longmen_A2020203.1754.npz,LM,2020,203,test,0.0,64,64
Tensor_Longmen_A2020204.1736.npz,LM,2020,204,test,0.0,64,64
Tensor_Longmen_A2020209.1742.npz,LM,2020,209,test,0.0,64,64
Tensor_Longmen_A2020210.1724.npz,LM,2020,210,test,0.0,64,64
Tensor_Longmen_A2020211.1842.npz,LM,2020,211,test,1.0,64,64
Tensor_Longmen_A2020212.1824.npz,LM,2020,212,test,1.0,64,64
Tensor_Longmen_A2020213.1806.npz,LM,2020,213,test,1.0,64,64
Tensor_Longmen_A2020214.1748.npz,LM,2020,214,test,0.0,64,64
Tensor_Longmen_A2020215.1730.npz,LM,2020,215,test,0.0,64,64
Tensor_Longmen_A2020216.1706.npz,LM,2020,216,test,0.0,64,64
Tensor_Longmen_A2020216.1848.npz,LM,2020,216,test,0.0,64,64
Tensor_Longmen_A2020217.1830.npz,LM,2020,217,test,0.0,64,64
Tensor_Longmen_A2020218.1812.npz,LM,2020,218,test,0.0,64,64
Tensor_Longmen_A2020219.1754.npz,LM,2020,219,test,0.0,64,64
Tensor_Longmen_A2020220.1736.npz,LM,2020,220,test,0.0,64,64
Tensor_Longmen_A2020222.1836.npz,LM,2020,222,test,0.0,64,64
Tensor_Longmen_A2020223.1818.npz,LM,2020,223,test,0.0,64,64
Tensor_Longmen_A2020224.1800.npz,LM,2020,224,test,1.0,64,64
Tensor_Longmen_A2020225.1742.npz,LM,2020,225,test,0.0,64,64
Tensor_Longmen_A2020226.1724.npz,LM,2020,226,test,0.0,64,64
Tensor_Longmen_A2020227.1842.npz,LM,2020,227,test,0.0,64,64
Tensor_Longmen_A2020229.1806.npz,LM,2020,229,test,0.0,64,64
Tensor_Longmen_A2020230.1748.npz,LM,2020,230,test,0.0,64,64
Tensor_Longmen_A2020231.1730.npz,LM,2020,231,test,0.0,64,64
Tensor_Longmen_A2020232.1848.npz,LM,2020,232,test,0.0,64,64
Tensor_Longmen_A2020233.1830.npz,LM,2020,233,test,0.0,64,64
Tensor_Longmen_A2020234.1812.npz,LM,2020,234,test,0.0,64,64
Tensor_Longmen_A2020235.1754.npz,LM,2020,235,test,0.0,64,64
Tensor_Longmen_A2020236.1736.npz,LM,2020,236,test,0.0,64,64
Tensor_Longmen_A2020237.1718.npz,LM,2020,237,test,0.0,64,64
Tensor_Longmen_A2020238.1836.npz,LM,2020,238,test,0.0,64,64
Tensor_Longmen_A2020239.1818.npz,LM,2020,239,test,0.0,64,64
Tensor_Longmen_A2020241.1742.npz,LM,2020,241,test,0.0,64,64
Tensor_Longmen_A2020242.1724.npz,LM,2020,242,test,0.0,64,64
Tensor_Longmen_A2020243.1842.npz,LM,2020,243,test,0.0,64,64
Tensor_Longmen_A2020244.1824.npz,LM,2020,244,test,0.0,64,64
Tensor_Longmen_A2020245.1806.npz,LM,2020,245,test,0.0,64,64
Tensor_Longmen_A2020246.1748.npz,LM,2020,246,test,0.0,64,64
Tensor_Longmen_A2020247.1730.npz,LM,2020,247,test,0.0,64,64
Tensor_Longmen_A2020248.1848.npz,LM,2020,248,test,1.0,64,64
Tensor_Longmen_A2020249.1830.npz,LM,2020,249,test,0.0,64,64
Tensor_Longmen_A2020251.1754.npz,LM,2020,251,test,1.0,64,64
Tensor_Longmen_A2020252.1736.npz,LM,2020,252,test,0.0,64,64
Tensor_Longmen_A2020253.1718.npz,LM,2020,253,test,1.0,64,64
Tensor_Longmen_A2020254.1836.npz,LM,2020,254,test,1.0,64,64
Tensor_Longmen_A2020255.1818.npz,LM,2020,255,test,0.0,64,64
Tensor_Longmen_A2020256.1800.npz,LM,2020,256,test,0.0,64,64
Tensor_Longmen_A2020257.1742.npz,LM,2020,257,test,1.0,64,64
Tensor_Longmen_A2020258.1724.npz,LM,2020,258,test,0.0,64,64
Tensor_Longmen_A2020259.1842.npz,LM,2020,259,test,0.0,64,64
Tensor_Longmen_A2020260.1824.npz,LM,2020,260,test,0.0,64,64
Tensor_Longmen_A2020261.1806.npz,LM,2020,261,test,1.0,64,64
Tensor_Longmen_A2020262.1748.npz,LM,2020,262,test,1.0,64,64
Tensor_Longmen_A2020263.1730.npz,LM,2020,263,test,0.0,64,64
Tensor_Longmen_A2020265.1830.npz,LM,2020,265,test,0.0,64,64
Tensor_Longmen_A2020266.1812.npz,LM,2020,266,test,0.0,64,64
Tensor_Longmen_A2020267.1754.npz,LM,2020,267,test,0.0,64,64
Tensor_Longmen_A2020269.1718.npz,LM,2020,269,test,0.0,64,64
Tensor_Longmen_A2020270.1836.npz,LM,2020,270,test,1.0,64,64
Tensor_Longmen_A2020271.1818.npz,LM,2020,271,test,0.0,64,64
Tensor_Longmen_A2020272.1800.npz,LM,2020,272,test,0.0,64,64
Tensor_Longmen_A2020273.1742.npz,LM,2020,273,test,0.0,64,64
Tensor_Longmen_A2020274.1724.npz,LM,2020,274,test,0.0,64,64
Tensor_Longmen_A2020275.1842.npz,LM,2020,275,test,0.0,64,64
Tensor_Longmen_A2020276.1824.npz,LM,2020,276,test,0.0,64,64
Tensor_Longmen_A2020277.1806.npz,LM,2020,277,test,0.0,64,64
Tensor_Longmen_A2020278.1748.npz,LM,2020,278,test,0.0,64,64
Tensor_Longmen_A2020279.1730.npz,LM,2020,279,test,0.0,64,64
Tensor_Longmen_A2020281.1830.npz,LM,2020,281,test,1.0,64,64
Tensor_Longmen_A2020282.1812.npz,LM,2020,282,test,0.0,64,64
Tensor_Longmen_A2020283.1754.npz,LM,2020,283,test,0.0,64,64
Tensor_Longmen_A2020284.1736.npz,LM,2020,284,test,0.0,64,64
Tensor_Longmen_A2020285.1718.npz,LM,2020,285,test,0.0,64,64
Tensor_Longmen_A2020286.1836.npz,LM,2020,286,test,0.0,64,64
Tensor_Longmen_A2020287.1818.npz,LM,2020,287,test,1.0,64,64
Tensor_Longmen_A2020288.1800.npz,LM,2020,288,test,1.0,64,64
